{"cameraMode":{"drawMode":0,"name":"Shaded","section":"Shading Mode"},"sceneLighting":false,"audioPlay":false,"sceneViewState":{"showFog":true,"showMaterialUpdate":false,"showSkybox":true,"showFlares":true,"showImageEffects":true,"showParticleSystems":true},"in2DMode":false,"pivot":{"x":-1.47544264793396,"y":0.67828369140625,"z":-3.780745506286621},"rotation":{"x":-0.003555831965059042,"y":0.7814358472824097,"z":-0.6239596009254456,"w":-0.004453849513083696},"size":1.731313943862915,"orthographic":false}