{"cameraMode":{"drawMode":0,"name":"Shaded","section":"Shading Mode"},"sceneLighting":true,"audioPlay":false,"sceneViewState":{"showFog":true,"showMaterialUpdate":false,"showSkybox":true,"showFlares":true,"showImageEffects":true,"showParticleSystems":true},"in2DMode":false,"pivot":{"x":5.420000076293945,"y":0.042300350964069369,"z":4.076334476470947},"rotation":{"x":-0.00713327806442976,"y":0.792498767375946,"z":-0.6097613573074341,"w":-0.009272378869354725},"size":1.7733707427978516,"orthographic":false}