{"cameraMode":{"drawMode":0,"name":"Shaded","section":"Shading Mode"},"sceneLighting":false,"audioPlay":false,"sceneViewState":{"showFog":true,"showMaterialUpdate":false,"showSkybox":true,"showFlares":true,"showImageEffects":true,"showParticleSystems":true},"in2DMode":false,"pivot":{"x":-0.05354232341051102,"y":-0.049398183822631839,"z":0.26166364550590517},"rotation":{"x":-0.004592307843267918,"y":0.7700715661048889,"z":-0.6379169225692749,"w":-0.005544271785765886},"size":10.782035827636719,"orthographic":false}